idx,beta,clientVars,mu,delay,lambda,p,q,packet_deadline_array,delay_time_array,mc,channel_states,A_t,U_t,D_t,tot_interrupt_rate,theoretical_interrupt_rate,qoe_penalty,vwd_deficit,avg_tot_interrupt_rate,avg_interrupt_over_runs,qoe_penalty_constant,activations
1,0.2,634.487143137097,0.21620234717855,0.4,0.1,0.7,0.5,,,,,5680,11011,9320,0.0621333333333333,0.999853495742307,0.00772110222222222,0,0,0,2,0
2,0.2,0.0044088150706542,0.255808370666536,0.4,0.2,0.656,0.45,,,,,11717,19964,18283,0.121886666666667,3.99977073170737e-05,0.0297127190222222,0,0,0,2,0
3,0.2,238.578811351359,0.147436340854733,0.4,0.2,0.93,0.375,,,,,12417,19260,17583,0.11722,1.00017627145159,0.0137405284,0,0,0,1,0
4,0.2,659.919310297843,0.165162239929669,0.4,0.2,0.457,0.23,,,,,10733,20949,19267,0.128446666666667,1.00004223364303,0.0164985461777778,0,0,0,1,0
5,0.2,548.117531336219,0.0702628573233743,0.4,0.1,0.845,0.11,,,,,5370,11304,9630,0.0642,1.00004340352033,0.00412164,0,0,0,1,0
