idx,clientVars,period,p,q,delay,theoretical_vwd_rate,theoretical_wld_rate,theoretical_dbldf_rate,vwd_deficit,packet_deadline_array,delay_time_array,mc,channel_states,mu,activations,A_t,U_t,D_t,tot_interrupt_rate,theoretical_interrupt_rate,weight,aoi_lambda
1,0.000794174463789048,6,0.696105621383849,0.3,4,0.000119126169568357,0.000119652746023716,0.000339679763512058,,,,,,0.166666666666667,,,,,,0,1.5883489275781e-06,0.0893530494114394
2,0.0031682175786214,6,0.628944406894421,0.271055593105579,9,0.000237616318396605,0.000238708404529746,0.000268393289160356,,,,,,0.166666666666667,,,,,,0,7.92054394655349e-07,0.150394920634138
3,0.00712208967431871,6,0.559061695017263,0.240938304982737,14,0.000356104483715935,0.000357762431383204,0.000357762536338528,,,,,,0.166666666666667,,,,,,0,5.27562198097682e-07,0.189773830887365
4,0.0126557693814662,6,0.489178983140106,0.210821016859894,19,0.000474591351804984,0.000476815299645521,0.000529508351085275,,,,,,0.166666666666667,,,,,,0,3.9549279317082e-07,0.188659613690632
5,0.0197692253953076,6,0.419296271262948,0.180703728737052,24,0.000593076761859227,0.000595866824267594,0.000768040054957812,,,,,,0.166666666666667,,,,,,0,3.16307606324921e-07,0.140975187258994
