idx,clientVars,period,p,q,delay,theoretical_vwd_rate,theoretical_wld_rate,theoretical_dbldf_rate,vwd_deficit,packet_deadline_array,delay_time_array,mc,channel_states,mu,activations,A_t,U_t,D_t,tot_interrupt_rate,theoretical_interrupt_rate,weight,aoi_lambda
1,0.000797011002808833,6,0.696105621383849,0.3,10,5.97758252106624e-05,5.98084662540048e-05,0.000183538314036964,,,,,,0.166666666666667,,,,,,0,1.99252750702208e-07,0.0893530494114394
2,0.00317104700528997,6,0.628944406894421,0.271055593105579,19,0.000118914262698374,0.000118994767522823,0.000138791297546533,,,,,,0.166666666666667,,,,,,0,9.90952189153114e-08,0.150394920634138
3,0.00712207965794561,6,0.559061695017263,0.240938304982737,29,0.00017805199144864,0.000178180904512677,0.000178180918796279,,,,,,0.166666666666667,,,,,,0,6.59451820180149e-08,0.189773830887365
4,0.012650098791792,6,0.489178983140106,0.210821016859894,39,0.000237189352346101,0.00023736681525269,0.000258744015969783,,,,,,0.166666666666667,,,,,,0,4.94144484054377e-08,0.188659613690632
5,0.0197551268656022,6,0.419296271262948,0.180703728737052,49,0.000296326902984032,0.000296552963597398,0.000371960743042781,,,,,,0.166666666666667,,,,,,0,3.95102537312043e-08,0.140975187258994
