idx,beta,clientVars,mu,delay,lambda,p,q,packet_deadline_array,delay_time_array,mc,channel_states,A_t,U_t,D_t,tot_interrupt_rate,theoretical_interrupt_rate,qoe_penalty,vwd_deficit,avg_tot_interrupt_rate,avg_interrupt_over_runs,qoe_penalty_constant,activations
1,0.2,0.00370641664737219,0.137478924677266,0.6,0.1,0.9,0.3,,,,,9274,11354,5726,0.0381733333333333,5.37214495554378e-06,0.00291440675555556,0,0,0,2,0
2,0.2,0.00368901159296247,0.137323803039801,0.6,0.1,0.75,0.2,,,,,8765,11863,6235,0.0415666666666667,5.33578657744935e-06,0.00345557555555556,0,0,0,2,0
3,0.2,0.00384611998671358,0.138835057342909,0.6,0.1,0.65,0.7,,,,,9094,11540,5906,0.0393733333333333,5.4677434462903e-06,0.00155025937777778,0,0,0,1,0
4,0.2,0.00369806587025865,0.237394496359926,0.6,0.2,0.5,0.35,,,,,17101,18528,12899,0.0859933333333333,5.37212067470498e-06,0.00739485337777778,0,0,0,1,0
5,0.2,0.00367205171843744,0.237168612972941,0.6,0.2,0.8,0.4,,,,,18218,17410,11782,0.0785466666666667,5.30726208932024e-06,0.00616957884444444,0,0,0,1,0
