idx,beta,clientVars,mu,delay,lambda,p,q,packet_deadline_array,delay_time_array,mc,channel_states,A_t,U_t,D_t,tot_interrupt_rate,theoretical_interrupt_rate,qoe_penalty,vwd_deficit,avg_tot_interrupt_rate,avg_interrupt_over_runs,qoe_penalty_constant,activations
1,0.2,0.00370641664737219,0.137478924677266,0.6,0.1,0.9,0.3,,,,,9284,11353,5716,0.0381066666666667,5.37214495554378e-06,0.00290423608888889,0,0,0,2,0
2,0.2,0.00368901159296247,0.137323803039801,0.6,0.1,0.75,0.2,,,,,8827,11807,6173,0.0411533333333333,5.33578657744935e-06,0.00338719368888889,0,0,0,2,0
3,0.2,0.00384611998671358,0.138835057342909,0.6,0.1,0.65,0.7,,,,,9019,11619,5981,0.0398733333333333,5.4677434462903e-06,0.00158988271111111,0,0,0,1,0
4,0.2,0.00369806587025865,0.237394496359926,0.6,0.2,0.5,0.35,,,,,16991,18647,13009,0.0867266666666667,5.37212067470498e-06,0.00752151471111111,0,0,0,1,0
5,0.2,0.00367205171843744,0.237168612972941,0.6,0.2,0.8,0.4,,,,,18288,17348,11712,0.07808,5.30726208932024e-06,0.0060964864,0,0,0,1,0
