idx,beta,clientVars,mu,delay,lambda,p,q,packet_deadline_array,delay_time_array,mc,channel_states,A_t,U_t,D_t,tot_interrupt_rate,theoretical_interrupt_rate,qoe_penalty,vwd_deficit,avg_tot_interrupt_rate,avg_interrupt_over_runs,qoe_penalty_constant,activations
1,0.2,0.00234387832175168,0.124670138224933,0.2,0.1,0.9,0.3,,,,,3623,17037,11377,0.0758466666666667,0.0148442937131937,0.0115054336888889,0,0,0,2,0
2,0.2,0.0118743869567049,0.187692633315214,0.2,0.1,0.75,0.2,,,,,3485,17173,11515,0.0767666666666667,0.0521302636819872,0.0117862422222222,0,0,0,2,0
3,0.2,0.00285244433296012,0.12850765822482,0.2,0.1,0.65,0.7,,,,,3703,16964,11297,0.0753133333333333,0.0183588007496553,0.00567209817777778,0,0,0,1,0
4,0.2,0.00179876943268434,0.220115927218583,0.2,0.2,0.5,0.35,,,,,7439,28223,22561,0.150406666666667,0.0114100105672888,0.0226221653777778,0,0,0,1,0
5,0.2,0.00264519278035024,0.227214537409295,0.2,0.2,0.8,0.4,,,,,7371,28289,22629,0.15086,0.0163207156431461,0.0227587396,0,0,0,1,0
