idx,beta,clientVars,mu,delay,lambda,p,q,packet_deadline_array,delay_time_array,mc,channel_states,A_t,U_t,D_t,tot_interrupt_rate,theoretical_interrupt_rate,qoe_penalty,vwd_deficit,avg_tot_interrupt_rate,avg_interrupt_over_runs,qoe_penalty_constant,activations
1,0.2,0.00234387832175168,0.124670138224933,0.2,0.1,0.9,0.3,,,,,3585,17043,11415,0.0761,0.0148442937131937,0.01158242,0,0,0,2,0
2,0.2,0.0118743869567049,0.187692633315214,0.2,0.1,0.75,0.2,,,,,3526,17102,11474,0.0764933333333333,0.0521302636819872,0.0117024600888889,0,0,0,2,0
3,0.2,0.00285244433296012,0.12850765822482,0.2,0.1,0.65,0.7,,,,,3716,16918,11284,0.0752266666666667,0.0183588007496553,0.00565905137777778,0,0,0,1,0
4,0.2,0.00179876943268434,0.220115927218583,0.2,0.2,0.5,0.35,,,,,7393,28236,22607,0.150713333333333,0.0114100105672888,0.0227145088444444,0,0,0,1,0
5,0.2,0.00264519278035024,0.227214537409295,0.2,0.2,0.8,0.4,,,,,7426,28202,22574,0.150493333333333,0.0163207156431461,0.0226482433777778,0,0,0,1,0
