idx,beta,clientVars,mu,delay,lambda,p,q,packet_deadline_array,delay_time_array,mc,channel_states,A_t,U_t,D_t,tot_interrupt_rate,theoretical_interrupt_rate,qoe_penalty,vwd_deficit,avg_tot_interrupt_rate,avg_interrupt_over_runs,qoe_penalty_constant,activations
1,0.2,0.00487613609232914,0.110975412012072,0.8,0.1,0.7,0.5,,,,,9380,7294,5620,0.0374666666666667,0.0272869358376998,0.00280750222222222,0,0,0,2,0
2,0.2,0.00487568906322856,0.210974601722339,0.8,0.2,0.656,0.45,,,,,19225,12449,10775,0.0718333333333333,0.0272851816987387,0.0103200555555556,0,0,0,2,0
3,0.2,0.00487556886505321,0.210974381569956,0.8,0.2,0.93,0.375,,,,,20221,11444,9779,0.0651933333333333,0.0272847304202765,0.00425017071111111,0,0,0,1,0
4,0.2,0.00487562090825136,0.210974473727505,0.8,0.2,0.457,0.23,,,,,17141,14524,12859,0.0857266666666667,0.0272849541429169,0.00734906137777778,0,0,0,1,0
5,0.2,0.00487496936055639,0.11097328692099,0.8,0.1,0.845,0.11,,,,,8909,7757,6091,0.0406066666666667,0.0272824490278896,0.00164890137777778,0,0,0,1,0
