idx,beta,clientVars,mu,delay,lambda,p,q,packet_deadline_array,delay_time_array,mc,channel_states,A_t,U_t,D_t,tot_interrupt_rate,theoretical_interrupt_rate,qoe_penalty,vwd_deficit,avg_tot_interrupt_rate,avg_interrupt_over_runs,qoe_penalty_constant,activations
1,0.2,0.0129342396843301,0.122118348132676,2.4,0.1,0.7,0.5,,,,,13369,3324,1631,0.0108733333333333,0.000272384402380586,0.000236458755555556,0,0,0,2,0
2,0.2,0.000962485651579593,0.202137825894719,2.4,0.2,0.656,0.45,,,,,27358,4334,2642,0.0176133333333333,2.34292705972108e-05,0.000620459022222222,0,0,0,2,0
3,0.2,0.000833717637345368,0.201865132653584,2.4,0.2,0.93,0.375,,,,,27997,3690,2002,0.0133466666666667,2.16997026755919e-05,0.000178133511111111,0,0,0,1,0
4,0.2,0.00894988707649128,0.215643722826425,2.4,0.2,0.457,0.23,,,,,25897,5790,4102,0.0273466666666667,0.000227119233904653,0.000747840177777778,0,0,0,1,0
5,0.2,0.00746490215921215,0.113107126445457,2.4,0.1,0.845,0.11,,,,,13028,3639,1972,0.0131466666666667,0.000218658032070936,0.000172834844444444,0,0,0,1,0
