idx,beta,clientVars,mu,delay,lambda,p,q,packet_deadline_array,delay_time_array,mc,channel_states,A_t,U_t,D_t,tot_interrupt_rate,theoretical_interrupt_rate,qoe_penalty,vwd_deficit,avg_tot_interrupt_rate,avg_interrupt_over_runs,qoe_penalty_constant,activations
1,0.2,0.0129342396843301,0.122118348132676,2.4,0.1,0.7,0.5,,,,,13405,3265,1595,0.0106333333333333,0.000272384402380586,0.000226135555555556,0,0,0,2,0
2,0.2,0.000962485651579593,0.202137825894719,2.4,0.2,0.656,0.45,,,,,27368,4297,2631,0.01754,2.34292705972108e-05,0.0006153032,0,0,0,2,0
3,0.2,0.000833717637345368,0.201865132653584,2.4,0.2,0.93,0.375,,,,,27950,3716,2050,0.0136666666666667,2.16997026755919e-05,0.000186777777777778,0,0,0,1,0
4,0.2,0.00894988707649128,0.215643722826425,2.4,0.2,0.457,0.23,,,,,25915,5751,4084,0.0272266666666667,0.000227119233904653,0.000741291377777778,0,0,0,1,0
5,0.2,0.00746490215921215,0.113107126445457,2.4,0.1,0.845,0.11,,,,,13092,3560,1908,0.01272,0.000218658032070936,0.0001617984,0,0,0,1,0
