idx,beta,clientVars,mu,delay,lambda,p,q,packet_deadline_array,delay_time_array,mc,channel_states,A_t,U_t,D_t,tot_interrupt_rate,theoretical_interrupt_rate,qoe_penalty,vwd_deficit,avg_tot_interrupt_rate,avg_interrupt_over_runs,qoe_penalty_constant,activations
1,0.2,491.094605148528,0.064949779091893,2,0.2,0.8,0.15,,,,,20579,3010,9421,0.0628066666666667,1.0011005987353,0.00788935475555556,0,0,0,2,0
2,0.2,0.0119989725020668,0.228164853806841,2,0.2,0.65,0.5,,,,,25144,2276,4856,0.0323733333333333,8.36316482967432e-05,0.00209606542222222,0,0,0,2,0
3,0.2,0.00233627049009004,0.206431252011169,2,0.2,0.95,0.25,,,,,23801,2620,6198,0.04132,1.65166296802558e-05,0.0017073424,0,0,0,1,0
4,0.2,328.979818981845,0.147276727317537,2,0.2,0.7,0.45,,,,,24996,2419,5003,0.0333533333333333,1.00064125727384,0.00111244484444444,0,0,0,1,0
5,0.2,0.0144410973515674,0.233908326650947,2,0.2,0.65,0.6,,,,,25147,2272,4852,0.0323466666666667,8.33739605297262e-05,0.00104630684444444,0,0,0,1,0
