idx,beta,clientVars,mu,delay,lambda,p,q,packet_deadline_array,delay_time_array,mc,channel_states,A_t,U_t,D_t,tot_interrupt_rate,theoretical_interrupt_rate,qoe_penalty,vwd_deficit,avg_tot_interrupt_rate,avg_interrupt_over_runs,qoe_penalty_constant,activations
1,0.2,491.094605148528,0.064949779091893,2,0.2,0.8,0.15,,,,,20798,3083,9201,0.06134,1.0011005987353,0.0075251912,0,0,0,2,0
2,0.2,0.0119989725020668,0.228164853806841,2,0.2,0.65,0.5,,,,,25144,2264,4855,0.0323666666666667,8.36316482967432e-05,0.00209520222222222,0,0,0,2,0
3,0.2,0.00233627049009004,0.206431252011169,2,0.2,0.95,0.25,,,,,23713,2483,6287,0.0419133333333333,1.65166296802558e-05,0.00175672751111111,0,0,0,1,0
4,0.2,328.979818981845,0.147276727317537,2,0.2,0.7,0.45,,,,,25078,2331,4922,0.0328133333333333,1.00064125727384,0.00107671484444444,0,0,0,1,0
5,0.2,0.0144410973515674,0.233908326650947,2,0.2,0.65,0.6,,,,,25156,2252,4843,0.0322866666666667,8.33739605297262e-05,0.00104242884444444,0,0,0,1,0
