idx,beta,clientVars,mu,delay,lambda,p,q,packet_deadline_array,delay_time_array,mc,channel_states,A_t,U_t,D_t,tot_interrupt_rate,theoretical_interrupt_rate,qoe_penalty,vwd_deficit,avg_tot_interrupt_rate,avg_interrupt_over_runs,qoe_penalty_constant,activations
1,0.2,722.905452395231,0.0665173487943025,0.2,0.2,0.8,0.15,,,,,4703,18886,25297,0.168646666666667,1.00007386170921,0.0568833963555556,0,0,0,2,0
2,0.2,560.966421256715,0.26779875086238,0.2,0.2,0.65,0.5,,,,,5392,22028,24608,0.164053333333333,0.999951656919573,0.0538269923555556,0,0,0,2,0
3,0.2,416.999922734286,0.192717308912163,0.2,0.2,0.95,0.25,,,,,5357,21064,24643,0.164286666666667,1.0000069858205,0.0269901088444444,0,0,0,1,0
4,0.2,654.060386409789,0.180778045031457,0.2,0.2,0.7,0.45,,,,,5480,21935,24520,0.163466666666667,1.00001175553105,0.0267213511111111,0,0,0,1,0
5,0.2,743.371305801775,0.172919485278074,0.2,0.2,0.65,0.6,,,,,5479,21940,24521,0.163473333333333,1.00001457183608,0.0267235307111111,0,0,0,1,0
