idx,beta,clientVars,mu,delay,lambda,p,q,packet_time_array,delay_time_array,mc,channel_states,A_t,U_t,D_t,tot_interrupt_rate,theoretical_interrupt_rate,qoe_penalty,vwd_deficit,packet_deadline_array,avg_tot_interrupt_rate,avg_interrupt_over_runs,qoe_penalty_constant,activations
1,0.2,0.00493676696226381,0.111090605750484,1.2,0.1,0.7,0.5,,,,,11313,5357,3687,0.02458,0.00455432847237569,0.0012083528,0,,0,0,2,0
2,0.2,0.00485309169260008,0.210927951710903,1.2,0.2,0.656,0.45,,,,,23149,8516,6850,0.0456666666666667,0.00449764554022157,0.00417088888888889,0,,0,0,2,0
3,0.2,0.00482576794586965,0.210876265463763,1.2,0.2,0.93,0.375,,,,,24217,7449,5783,0.0385533333333333,0.00447568902043638,0.00148635951111111,0,,0,0,1,0
4,0.2,0.00485216223174606,0.210925498473698,1.2,0.2,0.457,0.23,,,,,21004,10662,8996,0.0599733333333333,0.00449844720377867,0.00359680071111111,0,,0,0,1,0
5,0.2,0.00491718665873876,0.111051834554013,1.2,0.1,0.845,0.11,,,,,10966,5686,4034,0.0268933333333333,0.00454274730263972,0.000723251377777778,0,,0,0,1,0
