idx,beta,clientVars,mu,delay,lambda,p,q,packet_deadline_array,delay_time_array,mc,channel_states,A_t,U_t,D_t,tot_interrupt_rate,theoretical_interrupt_rate,qoe_penalty,vwd_deficit,avg_tot_interrupt_rate,avg_interrupt_over_runs,qoe_penalty_constant,activations
1,0.2,318.467263962256,0.195302473917556,0.2,0.2,0.15,0.8,,,,,6016,23907,23984,0.159893333333333,1.00000590018564,0.0511317560888889,0,0,0,2,0
2,0.2,621.711881070131,0.15987137519062,0.2,0.2,0.5,0.65,,,,,6004,23918,23996,0.159973333333333,1.0000258184822,0.0511829347555556,0,0,0,2,0
3,0.2,0.00584393347484362,0.325448118420983,0.2,0.2,0.25,0.95,,,,,5978,23944,24022,0.160146666666667,0.000186598093044893,0.0256469548444444,0,0,0,1,0
4,0.2,433.980598227082,0.162254925499778,0.2,0.2,0.45,0.7,,,,,5916,24006,24084,0.16056,1.00003479024752,0.0257795136,0,0,0,1,0
5,0.2,644.922411053985,0.154436807100753,0.2,0.2,0.6,0.65,,,,,6001,23921,23999,0.159993333333333,1.0000282600424,0.0255978667111111,0,0,0,1,0
