idx,beta,clientVars,mu,delay,lambda,p,q,packet_deadline_array,delay_time_array,mc,channel_states,A_t,U_t,D_t,tot_interrupt_rate,theoretical_interrupt_rate,qoe_penalty,vwd_deficit,avg_tot_interrupt_rate,avg_interrupt_over_runs,qoe_penalty_constant,activations
1,0.2,672.658839734412,0.0824037680693371,0.4,0.2,0.8,0.15,,,,,8519,15125,21481,0.143206666666667,1.0001398681754,0.0410162987555556,0,0,0,2,0
2,0.2,0.00495566695061829,0.262670872279304,0.4,0.2,0.65,0.5,,,,,10414,17010,19586,0.130573333333333,4.03853508292187e-05,0.0340987907555556,0,0,0,2,0
3,0.2,161.369330086219,0.117198760015466,0.4,0.2,0.95,0.25,,,,,10224,15889,19776,0.13184,1.00041057733553,0.0173817856,0,0,0,1,0
4,0.2,578.137668205458,0.182808069163767,0.4,0.2,0.7,0.45,,,,,10395,17030,19605,0.1307,1.00002378967679,0.01708249,0,0,0,1,0
5,0.2,520.727112978304,0.235649469350512,0.4,0.2,0.65,0.6,,,,,10466,16958,19534,0.130226666666667,0.99994523274515,0.0169589847111111,0,0,0,1,0
