idx,beta,clientVars,mu,delay,lambda,p,q,packet_deadline_array,delay_time_array,mc,channel_states,A_t,U_t,D_t,tot_interrupt_rate,theoretical_interrupt_rate,qoe_penalty,vwd_deficit,avg_tot_interrupt_rate,avg_interrupt_over_runs,qoe_penalty_constant,activations
1,0.2,0.00804383153312813,0.131270136610736,2.2,0.1,0.9,0.3,,,,,14741,5930,259,0.00172666666666667,3.72781447453441e-08,5.96275555555556e-06,0,0,0,2,0
2,0.2,0.00682174296389444,0.126542699777057,2.2,0.1,0.75,0.2,,,,,14518,6151,481,0.00320666666666667,3.67198942565312e-08,2.05654222222222e-05,0,0,0,2,0
3,0.2,0.0209022484080657,0.180232779756652,2.2,0.1,0.65,0.7,,,,,14400,6270,599,0.00399333333333333,4.62458277131598e-08,1.59467111111111e-05,0,0,0,1,0
4,0.2,0.00706417797200469,0.227441109749965,2.2,0.2,0.5,0.35,,,,,28360,7309,1638,0.01092,3.77608363412993e-08,0.0001192464,0,0,0,1,0
5,0.2,0.00586210664409756,0.222714168498435,2.2,0.2,0.8,0.4,,,,,29053,6617,947,0.00631333333333333,3.9424512581166e-08,3.98581777777778e-05,0,0,0,1,0
