idx,clientVars,period,p,q,delay,theoretical_vwd_rate,theoretical_wld_rate,theoretical_dbldf_rate,vwd_deficit,packet_deadline_array,delay_time_array,mc,channel_states,mu,activations,A_t,U_t,D_t,tot_interrupt_rate,current_state,avg_tot_interrupt_rate,avg_tot_interrupt_rate_per_timestep,avg_interrupt_over_runs,theoretical_interrupt_rate,weight,current_aoi_array,time_since_last_packet_was_generated,aoi_lambda,avg_tot_aoi_value
1,0.0211713394981229,6,0.696105621383849,0.3,20,0.211713394981229,0.0178051455930076,0.0712205823720304,0,,,,,0.166666666666667,0,0,0,0,,0,0,,0,0,1,1,-1,0.0579089878787414,
2,0.00940950315995356,6,0.628944406894421,0.271055593105579,30,0.141142547399303,0.0600923663764006,0.106830873558046,0,,,,,0.166666666666667,0,0,0,0,,0,0,,0,0,1,1,-1,0.0994625147856304,
3,0.00529285488849853,6,0.559061695017263,0.240938304982737,40,0.105857097769971,0.142441164744061,0.142441164744061,0,,,,,0.166666666666667,0,0,0,0,,0,0,,0,0,1,1,-1,0.110560835336316,
4,0.0033874326768832,6,0.489178983140106,0.210821016859894,50,0.0846858169220801,0.278205399890744,0.178051455930076,0,,,,,0.166666666666667,0,0,0,0,,0,0,,0,0,1,1,-1,0.140696024203366,
5,0.0023523893538932,6,0.419296271262948,0.180703728737052,60,0.0705716806167959,0.480738931011205,0.213661747116091,0,,,,,0.166666666666667,0,0,0,0,,0,0,,0,0,1,1,-1,0.184485536320306,
