idx,beta,clientVars,mu,delay,lambda,p,q,packet_deadline_array,delay_time_array,mc,channel_states,A_t,U_t,D_t,tot_interrupt_rate,theoretical_interrupt_rate,qoe_penalty,vwd_deficit,avg_tot_interrupt_rate,avg_interrupt_over_runs,qoe_penalty_constant,activations
1,0.2,0.00530133746426001,0.136465778925651,1.2,0.1,0.9,0.3,,,,,13201,7448,1799,0.0119933333333333,6.76688712401417e-08,0.000287680088888889,0,0,0,2,0
2,0.2,0.00410409090063752,0.128491098443785,1.2,0.1,0.75,0.2,,,,,12692,7955,2308,0.0153866666666667,5.81004721233105e-08,0.000473499022222222,0,0,0,2,0
3,0.2,0.0106241767034955,0.171507129738829,1.2,0.1,0.65,0.7,,,,,12716,7935,2284,0.0152266666666667,9.65262933734546e-08,0.000231851377777778,0,0,0,1,0
4,0.2,0.00376722581184939,0.226506839828799,1.2,0.2,0.5,0.35,,,,,24271,11379,5729,0.0381933333333333,4.63610068514141e-08,0.00145873071111111,0,0,0,1,0
5,0.2,0.00365575710287761,0.22523004745578,1.2,0.2,0.8,0.4,,,,,25647,10002,4353,0.02902,6.4056851984716e-08,0.0008421604,0,0,0,1,0
