idx,beta,clientVars,mu,delay,lambda,p,q,packet_deadline_array,delay_time_array,mc,channel_states,A_t,U_t,D_t,tot_interrupt_rate,theoretical_interrupt_rate,qoe_penalty,vwd_deficit,avg_tot_interrupt_rate,avg_interrupt_over_runs,qoe_penalty_constant,activations
1,0.2,0.00370843172019888,0.177596905923883,0.2,0.1,0.9,0.3,,,,,5179,21491,9821,0.0654733333333333,0.000231766241377149,0.00857351475555555,0,0,0,2,0
2,0.2,0.00370619670498768,0.177553307849979,0.2,0.1,0.75,0.2,,,,,4894,21768,10106,0.0673733333333333,0.000231687000900598,0.00907833208888889,0,0,0,2,0
3,0.2,0.00371482683313256,0.177721636310298,0.2,0.1,0.65,0.7,,,,,5060,21611,9940,0.0662666666666667,0.000231993047195383,0.00439127111111111,0,0,0,1,0
4,0.2,0.00371276259418777,0.17768137653383,0.2,0.1,0.5,0.35,,,,,4953,21716,10047,0.06698,0.000231919869793336,0.0044863204,0,0,0,1,0
5,0.2,0.00371103431967264,0.177647667774855,0.2,0.1,0.8,0.4,,,,,5081,21588,9919,0.0661266666666667,0.000231858593686475,0.00437273604444444,0,0,0,1,0
