idx,beta,clientVars,mu,delay,lambda,p,q,packet_deadline_array,delay_time_array,mc,channel_states,A_t,U_t,D_t,tot_interrupt_rate,theoretical_interrupt_rate,qoe_penalty,vwd_deficit,avg_tot_interrupt_rate,avg_interrupt_over_runs,qoe_penalty_constant,activations
1,0.2,0.00370843172019888,0.177596905923883,0.2,0.1,0.9,0.3,,,,,5109,21555,9891,0.06594,0.000231766241377149,0.0086961672,0,0,0,2,0
2,0.2,0.00370619670498768,0.177553307849979,0.2,0.1,0.75,0.2,,,,,4768,21894,10232,0.0682133333333333,0.000231687000900598,0.00930611768888889,0,0,0,2,0
3,0.2,0.00371482683313256,0.177721636310298,0.2,0.1,0.65,0.7,,,,,5084,21579,9916,0.0661066666666667,0.000231993047195383,0.00437009137777778,0,0,0,1,0
4,0.2,0.00371276259418777,0.17768137653383,0.2,0.1,0.5,0.35,,,,,4942,21720,10058,0.0670533333333333,0.000231919869793336,0.00449614951111111,0,0,0,1,0
5,0.2,0.00371103431967264,0.177647667774855,0.2,0.1,0.8,0.4,,,,,5172,21492,9828,0.06552,0.000231858593686475,0.0042928704,0,0,0,1,0
