idx,beta,clientVars,mu,delay,lambda,p,q,packet_deadline_array,delay_time_array,mc,channel_states,A_t,U_t,D_t,tot_interrupt_rate,theoretical_interrupt_rate,qoe_penalty,vwd_deficit,avg_tot_interrupt_rate,avg_interrupt_over_runs,qoe_penalty_constant,activations
1,0.2,0.00370843172019888,0.177596905923883,0.2,0.1,0.9,0.3,,,,,5108,21541,9892,0.0659466666666667,0.000231766241377149,0.00869792568888889,0,0,0,2,0
2,0.2,0.00370619670498768,0.177553307849979,0.2,0.1,0.75,0.2,,,,,4799,21848,10201,0.0680066666666667,0.000231687000900598,0.00924981342222222,0,0,0,2,0
3,0.2,0.00371482683313256,0.177721636310298,0.2,0.1,0.65,0.7,,,,,5075,21576,9925,0.0661666666666667,0.000231993047195383,0.00437802777777778,0,0,0,1,0
4,0.2,0.00371276259418777,0.17768137653383,0.2,0.1,0.5,0.35,,,,,4909,21741,10091,0.0672733333333333,0.000231919869793336,0.00452570137777778,0,0,0,1,0
5,0.2,0.00371103431967264,0.177647667774855,0.2,0.1,0.8,0.4,,,,,5200,21449,9800,0.0653333333333333,0.000231858593686475,0.00426844444444444,0,0,0,1,0
