idx,beta,clientVars,mu,delay,lambda,p,q,packet_deadline_array,delay_time_array,mc,channel_states,A_t,U_t,D_t,tot_interrupt_rate,theoretical_interrupt_rate,qoe_penalty,vwd_deficit,avg_tot_interrupt_rate,avg_interrupt_over_runs,qoe_penalty_constant,activations
1,0.2,0.00370843172019888,0.177596905923883,0.2,0.1,0.9,0.3,,,,,5279,21375,9721,0.0648066666666667,0.000231766241377149,0.00839980808888889,0,0,0,2,0
2,0.2,0.00370619670498768,0.177553307849979,0.2,0.1,0.75,0.2,,,,,4789,21861,10211,0.0680733333333333,0.000231687000900598,0.00926795742222222,0,0,0,2,0
3,0.2,0.00371482683313256,0.177721636310298,0.2,0.1,0.65,0.7,,,,,5061,21594,9939,0.06626,0.000231993047195383,0.0043903876,0,0,0,1,0
4,0.2,0.00371276259418777,0.17768137653383,0.2,0.1,0.5,0.35,,,,,4823,21829,10177,0.0678466666666667,0.000231919869793336,0.00460317017777778,0,0,0,1,0
5,0.2,0.00371103431967264,0.177647667774855,0.2,0.1,0.8,0.4,,,,,5092,21562,9908,0.0660533333333333,0.000231858593686475,0.00436304284444445,0,0,0,1,0
