idx,beta,clientVars,mu,delay,lambda,p,q,packet_deadline_array,delay_time_array,mc,channel_states,A_t,U_t,D_t,tot_interrupt_rate,theoretical_interrupt_rate,qoe_penalty,vwd_deficit,avg_tot_interrupt_rate,avg_interrupt_over_runs,qoe_penalty_constant,activations
1,0.2,0.00370843172019888,0.177596905923883,0.2,0.1,0.9,0.3,,,,,5150,21479,9850,0.0656666666666667,0.000231766241377149,0.00862422222222222,0,0,0,2,0
2,0.2,0.00370619670498768,0.177553307849979,0.2,0.1,0.75,0.2,,,,,4818,21811,10182,0.06788,0.000231687000900598,0.0092153888,0,0,0,2,0
3,0.2,0.00371482683313256,0.177721636310298,0.2,0.1,0.65,0.7,,,,,5072,21559,9928,0.0661866666666667,0.000231993047195383,0.00438067484444445,0,0,0,1,0
4,0.2,0.00371276259418777,0.17768137653383,0.2,0.1,0.5,0.35,,,,,4860,21770,10140,0.0676,0.000231919869793336,0.00456976,0,0,0,1,0
5,0.2,0.00371103431967264,0.177647667774855,0.2,0.1,0.8,0.4,,,,,5083,21545,9917,0.0661133333333333,0.000231858593686475,0.00437097284444444,0,0,0,1,0
