idx,beta,clientVars,mu,delay,lambda,p,q,packet_deadline_array,delay_time_array,mc,channel_states,A_t,U_t,D_t,tot_interrupt_rate,theoretical_interrupt_rate,qoe_penalty,vwd_deficit,avg_tot_interrupt_rate,avg_interrupt_over_runs,qoe_penalty_constant,activations
1,0.2,9.76935886822846,0.143941117697442,0.2,0.05,0.9,0.3,,,,,4465,22189,3035,0.0202333333333333,0.996161030224749,0.000818775555555555,0,0,0,2,0
2,0.2,1.89678680910954,0.129992865055552,0.2,0.05,0.75,0.2,,,,,4057,22593,3443,0.0229533333333333,0.983272355639183,0.00105371102222222,0,0,0,2,0
3,0.2,0.0481998963063585,0.207942045222678,0.2,0.05,0.65,0.7,,,,,4376,22279,3124,0.0208266666666667,0.269624457377499,0.000433750044444444,0,0,0,1,0
4,0.2,7.09157749479416,0.226998311786949,0.2,0.05,0.5,0.35,,,,,4202,22450,3298,0.0219866666666667,0.990066091412667,0.000483413511111111,0,0,0,1,0
5,0.2,5.24625031349077,0.179326554630224,0.2,0.05,0.8,0.4,,,,,4388,22266,3112,0.0207466666666667,0.99018796087697,0.000430424177777778,0,0,0,1,0
