idx,beta,clientVars,mu,delay,lambda,p,q,packet_deadline_array,delay_time_array,mc,channel_states,A_t,U_t,D_t,tot_interrupt_rate,theoretical_interrupt_rate,qoe_penalty,vwd_deficit,avg_tot_interrupt_rate,avg_interrupt_over_runs,qoe_penalty_constant,activations
1,0.2,9.76935886822846,0.143941117697442,0.2,0.05,0.9,0.3,,,,,4468,22181,3032,0.0202133333333333,0.996161030224749,0.000817157688888889,0,0,0,2,0
2,0.2,1.89678680910954,0.129992865055552,0.2,0.05,0.75,0.2,,,,,4065,22585,3435,0.0229,0.983272355639183,0.00104882,0,0,0,2,0
3,0.2,0.0481998963063585,0.207942045222678,0.2,0.05,0.65,0.7,,,,,4329,22321,3171,0.02114,0.269624457377499,0.0004468996,0,0,0,1,0
4,0.2,7.09157749479416,0.226998311786949,0.2,0.05,0.5,0.35,,,,,4205,22443,3295,0.0219666666666667,0.990066091412667,0.000482534444444444,0,0,0,1,0
5,0.2,5.24625031349077,0.179326554630224,0.2,0.05,0.8,0.4,,,,,4439,22209,3061,0.0204066666666667,0.99018796087697,0.000416432044444444,0,0,0,1,0
