idx,clientVars,period,p,q,delay,theoretical_vwd_rate,theoretical_wld_rate,theoretical_dbldf_rate,vwd_deficit,packet_deadline_array,delay_time_array,mc,channel_states,mu,activations,A_t,U_t,D_t,tot_interrupt_rate,theoretical_interrupt_rate,weight,aoi_lambda
1,1.0448283940414e-08,7,0.783110797146242,0.3,1,9.90739085942641,,,,,,,,0.142857143753314,,,,,,0,1,0.144772469696853
2,1.04482835340647e-08,7,0.650718023759536,0.249281976240464,1,7.02161584658862,,,,,,,,0.142857142798568,,,,,,0,1,0.248656286964076
3,1.04482835342121e-08,7,0.578416021119587,0.221583978880413,1,6.61791794855523,,,,,,,,0.142857142019547,,,,,,0,1,0.276402088340791
4,0.00392111776591234,7,0.506114018479639,0.193885981520361,10,0.000294083832443425,,,,,,,,0.142857142857143,,,,,,0,9.80279441478085e-07,0.351740060508414
5,0.0186192374711009,7,0.43381201583969,0.16618798416031,20,0.000698221405166283,,,,,,,,0.142857142857143,,,,,,0,5.81851170971903e-07,0.461213840800764
6,0.0428407081268102,7,0.361510013199742,0.138489986800258,29,0.00107101770317025,,,,,,,,0.142857142857143,,,,,,0,3.96673223396391e-07,0.22560942117776
