idx,clientVars,period,p,q,delay,theoretical_vwd_rate,theoretical_wld_rate,theoretical_dbldf_rate,vwd_deficit,packet_deadline_array,delay_time_array,mc,channel_states,mu,activations,A_t,U_t,D_t,tot_interrupt_rate,theoretical_interrupt_rate,weight,aoi_lambda
1,1.31057149827466e-08,7,0.783110797146242,0.3,1,23.7221722581279,,,,,,,,0.142857140373922,,,,,,0,1,0.0482574898989512
2,1.31057148797004e-08,7,0.650718023759536,0.249281976240464,1,15.064847040644,,,,,,,,0.142857144814603,,,,,,0,1,0.0828854289880253
3,1.31057148797004e-08,7,0.578416021119587,0.221583978880413,1,13.8537533243624,,,,,,,,0.142857143382903,,,,,,0,1,0.0921340294469304
4,0.00187084317089634,7,0.506114018479639,0.193885981520361,5,0.00028062647563445,,,,,,,,0.142857142857143,,,,,,0,3.74168634179267e-06,0.117246686836138
5,0.0151982228089981,7,0.43381201583969,0.16618798416031,10,0.00113986671067486,,,,,,,,0.142857142857143,,,,,,0,3.79955570224954e-06,0.153737946933588
6,0.0573506636042239,7,0.361510013199742,0.138489986800258,14,0.0028675331802112,,,,,,,,0.142857142857143,,,,,,0,4.24819730401659e-06,0.0752031403925867
