idx,beta,clientVars,mu,delay,lambda,p,q,packet_deadline_array,delay_time_array,mc,channel_states,A_t,U_t,D_t,tot_interrupt_rate,theoretical_interrupt_rate,qoe_penalty,vwd_deficit,avg_tot_interrupt_rate,avg_interrupt_over_runs,qoe_penalty_constant,activations
1,0.2,466.328218541062,0.259008571393638,0.2,0.1,0.7,0.5,,,,,3094,13534,11906,0.0793733333333333,0.999863617322034,0.0126002520888889,0,0,0,2,0
2,0.2,672.297325409524,0.186964919872963,0.2,0.2,0.656,0.45,,,,,6339,25283,23661,0.15774,1.00000775557491,0.0497638152,0,0,0,2,0
3,0.2,474.092606596989,0.177951560231647,0.2,0.2,0.93,0.375,,,,,6335,25286,23665,0.157766666666667,1.00001860281687,0.0248903211111111,0,0,0,1,0
4,0.2,786.380223315988,0.173129119977255,0.2,0.2,0.457,0.23,,,,,6334,25290,23666,0.157773333333333,1.00001366822962,0.0248924247111111,0,0,0,1,0
5,0.2,908.082871066762,0.0578179844773226,0.2,0.1,0.845,0.11,,,,,3081,13519,11919,0.07946,1.0000185808625,0.0063138916,0,0,0,1,0
