idx,beta,clientVars,mu,delay,lambda,p,q,packet_time_array,delay_time_array,mc,channel_states,A_t,U_t,D_t,tot_interrupt_rate,theoretical_interrupt_rate,qoe_penalty,vwd_deficit,packet_deadline_array,avg_tot_interrupt_rate,avg_interrupt_over_runs,qoe_penalty_constant,activations
1,0.2,0.00496724521164839,0.111150525993757,1.6,0.1,0.7,0.5,,,,,12267,4412,2732,0.0182133333333333,0.000759086553417558,0.000663451022222222,0,,0,0,2,0
2,0.2,0.00485455218324091,0.210916950259895,1.6,0.2,0.656,0.45,,,,,25147,6526,4853,0.0323533333333333,0.000749441753485522,0.00209347635555556,0,,0,0,2,0
3,0.2,0.00481586278702251,0.210836846451188,1.6,0.2,0.93,0.375,,,,,26042,5628,3957,0.02638,0.000746012961244904,0.0006959044,0,,0,0,1,0
4,0.2,0.00483247912397381,0.210871327345283,1.6,0.2,0.457,0.23,,,,,23086,8584,6914,0.0460933333333333,0.000747451810901602,0.00212459537777778,0,,0,0,1,0
5,0.2,0.00494519884842985,0.111096505902738,1.6,0.1,0.845,0.11,,,,,11881,4790,3119,0.0207933333333333,0.000761315036026886,0.000432362711111111,0,,0,0,1,0
