idx,beta,clientVars,mu,delay,lambda,p,q,packet_deadline_array,delay_time_array,mc,channel_states,A_t,U_t,D_t,tot_interrupt_rate,theoretical_interrupt_rate,qoe_penalty,vwd_deficit,avg_tot_interrupt_rate,avg_interrupt_over_runs,qoe_penalty_constant,activations
1,0.2,0.0133180738274068,0.151069517739139,2.2,0.1,0.9,0.3,,,,,14956,11708,44,0.000293333333333333,4.70408003420977e-08,1.72088888888889e-07,0,0,0,2,0
2,0.2,0.0111834886505827,0.142793891883001,2.2,0.1,0.75,0.2,,,,,14792,11870,208,0.00138666666666667,4.87428539523441e-08,3.84568888888889e-06,0,0,0,2,0
3,0.2,0.0345222194564857,0.231191192334277,2.2,0.1,0.65,0.7,,,,,14950,11713,50,0.000333333333333333,5.47295865567476e-08,1.11111111111111e-07,0,0,0,1,0
4,0.2,0.0242847217982096,0.192580938100663,2.2,0.1,0.5,0.35,,,,,14955,11707,45,0.0003,5.18882680644313e-08,9e-08,0,0,0,1,0
5,0.2,0.0184483292961968,0.170565354335764,2.2,0.1,0.8,0.4,,,,,14987,11677,13,8.66666666666667e-05,4.90650922820149e-08,7.51111111111111e-09,0,0,0,1,0
