idx,beta,clientVars,mu,delay,lambda,p,q,packet_deadline_array,delay_time_array,mc,channel_states,A_t,U_t,D_t,tot_interrupt_rate,theoretical_interrupt_rate,qoe_penalty,vwd_deficit,avg_tot_interrupt_rate,avg_interrupt_over_runs,qoe_penalty_constant,activations
1,0.2,3.7701146605337,0.184065850249451,0.6,0.2,0.15,0.8,,,,,17572,12350,12428,0.0828533333333333,1.00508460661442,0.0137293496888889,0,0,0,2,0
2,0.2,0.00839533163343944,0.225409340552269,0.6,0.2,0.5,0.65,,,,,17475,12447,12525,0.0835,0.0264652093337474,0.0139445,0,0,0,2,0
3,0.2,0.0404650751853835,0.285197599694065,0.6,0.2,0.25,0.95,,,,,17476,12446,12524,0.0834933333333333,0.0799341527412814,0.00697113671111111,0,0,0,1,0
4,0.2,3.55172091391417,0.158920526335482,0.6,0.2,0.45,0.7,,,,,17086,12836,12914,0.0860933333333333,1.01397605559599,0.00741206204444444,0,0,0,1,0
5,0.2,5.26996182067465,0.143720383298073,0.6,0.2,0.6,0.65,,,,,17256,12665,12744,0.08496,1.01289765222017,0.0072182016,0,0,0,1,0
