idx,beta,clientVars,mu,delay,lambda,p,q,packet_deadline_array,delay_time_array,mc,channel_states,A_t,U_t,D_t,tot_interrupt_rate,theoretical_interrupt_rate,qoe_penalty,vwd_deficit,avg_tot_interrupt_rate,avg_interrupt_over_runs,qoe_penalty_constant,activations
1,0.2,3.7701146605337,0.184065850249451,0.6,0.2,0.15,0.8,,,,,17918,12002,12082,0.0805466666666667,1.00508460661442,0.0129755310222222,0,0,0,2,0
2,0.2,0.00839533163343944,0.225409340552269,0.6,0.2,0.5,0.65,,,,,17445,12474,12555,0.0837,0.0264652093337474,0.01401138,0,0,0,2,0
3,0.2,0.0404650751853835,0.285197599694065,0.6,0.2,0.25,0.95,,,,,16982,12937,13018,0.0867866666666667,0.0799341527412814,0.00753192551111111,0,0,0,1,0
4,0.2,3.55172091391417,0.158920526335482,0.6,0.2,0.45,0.7,,,,,17058,12860,12942,0.08628,1.01397605559599,0.0074442384,0,0,0,1,0
5,0.2,5.26996182067465,0.143720383298073,0.6,0.2,0.6,0.65,,,,,17682,12236,12318,0.08212,1.01289765222017,0.0067436944,0,0,0,1,0
