idx,beta,clientVars,mu,delay,lambda,p,q,packet_deadline_array,delay_time_array,mc,channel_states,A_t,U_t,D_t,tot_interrupt_rate,theoretical_interrupt_rate,qoe_penalty,vwd_deficit,avg_tot_interrupt_rate,avg_interrupt_over_runs,qoe_penalty_constant,activations
1,0.2,119.231954789404,0.235695693261452,1.4,0.2,0.15,0.8,,,,,28731,1191,1268,0.00845333333333333,0.999162086526259,0.000142917688888889,0,0,0,2,0
2,0.2,0.00157197607396816,0.206312525121197,1.4,0.2,0.5,0.65,,,,,28604,1318,1396,0.00930666666666667,1.30874794127217e-05,0.000173228088888889,0,0,0,2,0
3,0.2,0.00287507004479243,0.210946173693443,1.4,0.2,0.25,0.95,,,,,29004,918,996,0.00664,2.34565305515456e-05,4.40896e-05,0,0,0,1,0
4,0.2,129.986814743317,0.129639375956196,1.4,0.2,0.45,0.7,,,,,28681,1241,1319,0.00879333333333333,1.00151676243828,7.73227111111111e-05,0,0,0,1,0
5,0.2,0.00399729857355057,0.21471993209705,1.4,0.2,0.6,0.65,,,,,28250,1672,1750,0.0116666666666667,3.32679524505522e-05,0.000136111111111111,0,0,0,1,0
