idx,beta,clientVars,mu,delay,lambda,p,q,packet_deadline_array,delay_time_array,mc,channel_states,A_t,U_t,D_t,tot_interrupt_rate,theoretical_interrupt_rate,qoe_penalty,vwd_deficit,avg_tot_interrupt_rate,avg_interrupt_over_runs,qoe_penalty_constant,activations
1,0.2,0.00932482272414831,0.150367252830039,1.6,0.1,0.9,0.3,,,,,14764,11900,236,0.00157333333333333,3.11474543430827e-08,4.95075555555556e-06,0,0,0,2,0
2,0.2,0.00703945231379297,0.138298005905784,1.6,0.1,0.75,0.2,,,,,14384,12278,616,0.00410666666666667,2.74873785081239e-08,3.37294222222222e-05,0,0,0,2,0
3,0.2,0.0235839454901869,0.227481255239741,1.6,0.1,0.65,0.7,,,,,14764,11899,236,0.00157333333333333,3.07504592598583e-08,2.47537777777778e-06,0,0,0,1,0
4,0.2,0.0176775662567455,0.195200518098912,1.6,0.1,0.5,0.35,,,,,14723,11939,277,0.00184666666666667,3.27869506056136e-08,3.41017777777778e-06,0,0,0,1,0
5,0.2,0.0143633753048576,0.17685386231837,1.6,0.1,0.8,0.4,,,,,14827,11837,173,0.00115333333333333,3.66378374874806e-08,1.33017777777778e-06,0,0,0,1,0
