idx,beta,clientVars,mu,delay,lambda,p,q,packet_time_array,delay_time_array,mc,channel_states,A_t,U_t,D_t,tot_interrupt_rate,theoretical_interrupt_rate,qoe_penalty,vwd_deficit,packet_deadline_array,avg_tot_interrupt_rate,avg_interrupt_over_runs,qoe_penalty_constant,activations
1,0.2,0.00487613609232914,0.110975412012072,0.8,0.1,0.7,0.5,,,,,9261,7371,5739,0.03826,0.0272869358376998,0.0029276552,0,,0,0,2,0
2,0.2,0.00487568906322856,0.210974601722339,0.8,0.2,0.656,0.45,,,,,19136,12490,10864,0.0724266666666667,0.0272851816987387,0.0104912440888889,0,,0,0,2,0
3,0.2,0.00487556886505321,0.210974381569956,0.8,0.2,0.93,0.375,,,,,20219,11402,9781,0.0652066666666667,0.0272847304202765,0.00425190937777778,0,,0,0,1,0
4,0.2,0.00487562090825136,0.210974473727505,0.8,0.2,0.457,0.23,,,,,17028,14593,12972,0.08648,0.0272849541429169,0.0074787904,0,,0,0,1,0
5,0.2,0.00487496936055639,0.11097328692099,0.8,0.1,0.845,0.11,,,,,8893,7723,6107,0.0407133333333333,0.0272824490278896,0.00165757551111111,0,,0,0,1,0
