idx,beta,clientVars,mu,delay,lambda,p,q,packet_time_array,delay_time_array,mc,channel_states,A_t,U_t,D_t,tot_interrupt_rate,theoretical_interrupt_rate,qoe_penalty,vwd_deficit,packet_deadline_array,avg_tot_interrupt_rate,avg_interrupt_over_runs,qoe_penalty_constant,activations
1,0.2,466.328218541062,0.259008571393638,0.2,0.1,0.7,0.5,,,,,3109,13561,11891,0.0792733333333333,0.999863617322034,0.0125685227555556,0,,0,0,2,0
2,0.2,672.297325409524,0.186964919872963,0.2,0.2,0.656,0.45,,,,,6338,25327,23662,0.157746666666667,1.00000775557491,0.0497680216888889,0,,0,0,2,0
3,0.2,474.092606596989,0.177951560231647,0.2,0.2,0.93,0.375,,,,,6274,25392,23726,0.158173333333333,1.00001860281687,0.0250188033777778,0,,0,0,1,0
4,0.2,786.380223315988,0.173129119977255,0.2,0.2,0.457,0.23,,,,,6455,25211,23545,0.156966666666667,1.00001366822962,0.0246385344444444,0,,0,0,1,0
5,0.2,908.082871066762,0.0578179844773226,0.2,0.1,0.845,0.11,,,,,3126,13526,11874,0.07916,1.0000185808625,0.0062663056,0,,0,0,1,0
