idx,beta,clientVars,mu,delay,lambda,p,q,packet_deadline_array,delay_time_array,mc,channel_states,A_t,U_t,D_t,tot_interrupt_rate,theoretical_interrupt_rate,qoe_penalty,vwd_deficit,avg_tot_interrupt_rate,avg_interrupt_over_runs,qoe_penalty_constant,activations
1,0.2,465.584392689634,0.107099922812158,1.6,0.2,0.8,0.15,,,,,19684,4197,10315,0.0687666666666667,1.00063871379725,0.00945770888888889,0,0,0,2,0
2,0.2,0.00222568948739664,0.208791047081985,1.6,0.2,0.65,0.5,,,,,23916,3492,6084,0.04056,3.24178339100315e-06,0.0032902272,0,0,0,2,0
3,0.2,0.0006585262116156,0.202624126202344,1.6,0.2,0.95,0.25,,,,,22751,3445,7249,0.0483266666666667,2.89794000256921e-06,0.00233546671111111,0,0,0,1,0
4,0.2,736.885338120393,0.141574073585646,1.6,0.2,0.7,0.45,,,,,23849,3560,6151,0.0410066666666667,1.00025375275505,0.00168154671111111,0,0,0,1,0
5,0.2,0.00558810267054903,0.220641769196254,1.6,0.2,0.65,0.6,,,,,23987,3421,6012,0.04008,7.35294667717235e-06,0.0016064064,0,0,0,1,0
