idx,clientVars,period,p,q,delay,theoretical_vwd_rate,theoretical_wld_rate,theoretical_dbldf_rate,vwd_deficit,packet_deadline_array,delay_time_array,mc,channel_states,mu,activations,A_t,U_t,D_t,tot_interrupt_rate,theoretical_interrupt_rate,weight,aoi_lambda
1,0.000270010657930652,6,0.696105621383849,0.3,10,,2.02563720193557e-05,,,,,,,0.166666666666667,,,,,,0,6.75534486980956e-08,0.0893530494114394
2,0.00238141142538674,6,0.628944406894421,0.271055593105579,30,,5.9536095867552e-05,,,,,,,0.166666666666667,,,,,,0,2.20490495775111e-08,0.150394920634138
3,0.00658666152705396,6,0.559061695017263,0.240938304982737,50,,9.88050182227276e-05,,,,,,,0.166666666666667,,,,,,0,1.31730949266064e-08,0.189773830887365
4,0.0128861926702307,6,0.489178983140106,0.210821016859894,69,,0.000138074537158581,,,,,,,0.166666666666667,,,,,,0,9.391906385521e-09,0.188659613690632
5,0.0262615356204919,6,0.419296271262948,0.180703728737052,99,,0.00019697643047667,,,,,,,0.166666666666667,,,,,,0,6.5652121873599e-09,0.140975187258994
