idx,clientVars,period,p,q,delay,theoretical_vwd_rate,theoretical_wld_rate,theoretical_dbldf_rate,vwd_deficit,packet_deadline_array,delay_time_array,mc,channel_states,mu,activations,A_t,U_t,D_t,tot_interrupt_rate,theoretical_interrupt_rate,weight,aoi_lambda
1,0.000797917266163881,6,0.696105621383849,0.3,9,,5.98532721828148e-05,,,,,,,0.166666666666667,,,,,,0,1.99252750702208e-07,0.0893530494114394
2,0.00317190442258057,6,0.628944406894421,0.271055593105579,19,,0.000119015940222864,,,,,,,0.166666666666667,,,,,,0,9.9095218915311e-08,0.150394920634138
3,0.00712226406629702,6,0.559061695017263,0.240938304982737,29,,0.000178183939212871,,,,,,,0.166666666666667,,,,,,0,6.5945182018015e-08,0.189773830887365
4,0.0126484490036226,6,0.489178983140106,0.210821016859894,38,,0.000237346456655192,,,,,,,0.166666666666667,,,,,,0,4.9414448405438e-08,0.188659613690632
5,0.0197502303600773,6,0.419296271262948,0.180703728737052,48,,0.000296504629758512,,,,,,,0.166666666666667,,,,,,0,3.9510253731204e-08,0.140975187258994
