idx,beta,clientVars,mu,delay,lambda,p,q,packet_deadline_array,delay_time_array,mc,channel_states,A_t,U_t,D_t,tot_interrupt_rate,theoretical_interrupt_rate,qoe_penalty,vwd_deficit,avg_tot_interrupt_rate,avg_interrupt_over_runs,qoe_penalty_constant,activations
1,0.2,12.4362260117905,0.101962661634843,1.6,0.1,0.9,0.3,,,,,14140,6509,859,0.00572666666666667,0.999495109560928,6.55894222222222e-05,0,0,0,2,0
2,0.2,6.90234163063637,0.0795311756350539,1.6,0.1,0.75,0.2,,,,,13720,6927,1280,0.00853333333333333,1.00953473637884,0.000145635555555556,0,0,0,2,0
3,0.2,0.33288389125088,0.300749096418777,1.6,0.1,0.65,0.7,,,,,13636,7015,1364,0.00909333333333333,0.145178201307079,8.26887111111111e-05,0,0,0,1,0
4,0.2,0.0837711921825011,0.288534701272514,1.6,0.2,0.5,0.35,,,,,26492,9158,3508,0.0233866666666667,0.0339806966386181,0.000546936177777778,0,0,0,1,0
5,0.2,10.0974064333241,0.117423259431642,1.6,0.2,0.8,0.4,,,,,27602,8047,2398,0.0159866666666667,1.02651507970361,0.000255573511111111,0,0,0,1,0
