idx,beta,clientVars,mu,delay,lambda,p,q,packet_deadline_array,delay_time_array,mc,channel_states,A_t,U_t,D_t,tot_interrupt_rate,theoretical_interrupt_rate,qoe_penalty,vwd_deficit,avg_tot_interrupt_rate,avg_interrupt_over_runs,qoe_penalty_constant,activations
1,0.2,12.4362260117905,0.101962661634843,1.6,0.1,0.9,0.3,,,,,14130,6530,870,0.0058,0.999495109560928,6.728e-05,0,0,0,2,0
2,0.2,6.90234163063637,0.0795311756350539,1.6,0.1,0.75,0.2,,,,,13770,6888,1229,0.00819333333333333,1.00953473637884,0.000134261422222222,0,0,0,2,0
3,0.2,0.33288389125088,0.300749096418777,1.6,0.1,0.65,0.7,,,,,13632,7035,1367,0.00911333333333333,0.145178201307079,8.30528444444444e-05,0,0,0,1,0
4,0.2,0.0837711921825011,0.288534701272514,1.6,0.2,0.5,0.35,,,,,26585,9077,3415,0.0227666666666667,0.0339806966386181,0.000518321111111111,0,0,0,1,0
5,0.2,10.0974064333241,0.117423259431642,1.6,0.2,0.8,0.4,,,,,27596,8064,2404,0.0160266666666667,1.02651507970361,0.000256854044444444,0,0,0,1,0
