idx,beta,clientVars,mu,delay,lambda,p,q,packet_deadline_array,delay_time_array,mc,channel_states,A_t,U_t,D_t,tot_interrupt_rate,theoretical_interrupt_rate,qoe_penalty,vwd_deficit,avg_tot_interrupt_rate,avg_interrupt_over_runs,qoe_penalty_constant,activations
1,0.2,5.32887960459264,0.136597019355296,0.4,0.1,0.9,0.3,,,,,8875,17796,6125,0.0408333333333333,0.994520924271206,0.00333472222222222,0,0,0,2,0
2,0.2,1.50232544874561,0.16800217457663,0.4,0.1,0.75,0.2,,,,,8184,18485,6816,0.04544,0.964436112810692,0.0041295872,0,0,0,2,0
3,0.2,0.0226911088960412,0.200647147480447,0.4,0.1,0.65,0.7,,,,,8753,17917,6247,0.0416466666666667,0.0287698913769589,0.00173444484444444,0,0,0,1,0
4,0.2,1.99096924502001,0.208490771021187,0.4,0.1,0.5,0.35,,,,,8368,18302,6632,0.0442133333333333,0.957343375386452,0.00195481884444444,0,0,0,1,0
5,0.2,0.0170134411272849,0.174463781959286,0.4,0.1,0.8,0.4,,,,,8783,17886,6217,0.0414466666666667,0.0301548481071875,0.00171782617777778,0,0,0,1,0
