idx,beta,clientVars,mu,delay,lambda,p,q,packet_deadline_array,delay_time_array,mc,channel_states,A_t,U_t,D_t,tot_interrupt_rate,theoretical_interrupt_rate,qoe_penalty,vwd_deficit,avg_tot_interrupt_rate,avg_interrupt_over_runs,qoe_penalty_constant,activations
1,0.2,5.32887960459264,0.136597019355296,0.4,0.1,0.9,0.3,,,,,8945,17704,6055,0.0403666666666667,0.994520924271206,0.00325893555555556,0,0,0,2,0
2,0.2,1.50232544874561,0.16800217457663,0.4,0.1,0.75,0.2,,,,,8040,18610,6960,0.0464,0.964436112810692,0.00430592,0,0,0,2,0
3,0.2,0.0226911088960412,0.200647147480447,0.4,0.1,0.65,0.7,,,,,8691,17959,6309,0.04206,0.0287698913769589,0.0017690436,0,0,0,1,0
4,0.2,1.99096924502001,0.208490771021187,0.4,0.1,0.5,0.35,,,,,8471,18177,6529,0.0435266666666667,0.957343375386452,0.00189457071111111,0,0,0,1,0
5,0.2,0.0170134411272849,0.174463781959286,0.4,0.1,0.8,0.4,,,,,8870,17778,6130,0.0408666666666667,0.0301548481071875,0.00167008444444444,0,0,0,1,0
