idx,beta,clientVars,mu,delay,lambda,p,q,packet_deadline_array,delay_time_array,mc,channel_states,A_t,U_t,D_t,tot_interrupt_rate,theoretical_interrupt_rate,qoe_penalty,vwd_deficit,avg_tot_interrupt_rate,avg_interrupt_over_runs,qoe_penalty_constant,activations
1,0.2,0.00338373943788218,0.116280147809464,1.8,0.1,0.9,0.3,,,,,14417,6237,583,0.00388666666666667,3.00428891040126e-08,3.02123555555556e-05,0,0,0,2,0
2,0.2,0.00606869188916136,0.128077865297638,1.8,0.1,0.75,0.2,,,,,14094,6559,906,0.00604,5.83953163914884e-08,7.29632e-05,0,0,0,2,0
3,0.2,0.0187464657659026,0.184512304987211,1.8,0.1,0.65,0.7,,,,,13987,6668,1013,0.00675333333333333,8.94647019059853e-08,4.56075111111111e-05,0,0,0,1,0
4,0.2,0.00658270374336631,0.230387651940558,1.8,0.2,0.5,0.35,,,,,27236,8413,2763,0.01842,6.06203969640753e-08,0.0003392964,0,0,0,1,0
5,0.2,0.00629448668783815,0.228942924357973,1.8,0.2,0.8,0.4,,,,,28210,7444,1790,0.0119333333333333,6.47132289417549e-08,0.000142404444444444,0,0,0,1,0
