idx,beta,clientVars,mu,delay,lambda,p,q,packet_deadline_array,delay_time_array,mc,channel_states,A_t,U_t,D_t,tot_interrupt_rate,theoretical_interrupt_rate,qoe_penalty,vwd_deficit,avg_tot_interrupt_rate,avg_interrupt_over_runs,qoe_penalty_constant,activations
1,0.2,0.00338373943788218,0.116280147809464,1.8,0.1,0.9,0.3,,,,,14441,6230,559,0.00372666666666667,3.00428891040126e-08,2.77760888888889e-05,0,0,0,2,0
2,0.2,0.00606869188916136,0.128077865297638,1.8,0.1,0.75,0.2,,,,,14083,6586,917,0.00611333333333333,5.83953163914884e-08,7.47456888888889e-05,0,0,0,2,0
3,0.2,0.0187464657659026,0.184512304987211,1.8,0.1,0.65,0.7,,,,,13997,6673,1003,0.00668666666666667,8.94647019059853e-08,4.47115111111111e-05,0,0,0,1,0
4,0.2,0.00658270374336631,0.230387651940558,1.8,0.2,0.5,0.35,,,,,27277,8392,2722,0.0181466666666667,6.06203969640753e-08,0.000329301511111111,0,0,0,1,0
5,0.2,0.00629448668783815,0.228942924357973,1.8,0.2,0.8,0.4,,,,,28250,7420,1750,0.0116666666666667,6.47132289417549e-08,0.000136111111111111,0,0,0,1,0
