idx,beta,clientVars,mu,delay,lambda,p,q,packet_deadline_array,delay_time_array,mc,channel_states,A_t,U_t,D_t,tot_interrupt_rate,theoretical_interrupt_rate,qoe_penalty,vwd_deficit,avg_tot_interrupt_rate,avg_interrupt_over_runs,qoe_penalty_constant,activations
1,0.2,0.00807763585763812,0.116651867142854,2,0.1,0.7,0.5,,,,,13004,3675,1995,0.0133,0.000262328959221563,0.00035378,0,0,0,2,0
2,0.2,0.00225276241155666,0.205270038351436,2,0.2,0.656,0.45,,,,,26495,5178,3504,0.02336,8.63183333413734e-05,0.0010913792,0,0,0,2,0
3,0.2,0.00490291997633161,0.21045514738395,2,0.2,0.93,0.375,,,,,27211,4459,2788,0.0185866666666667,0.000197508051239483,0.000345464177777778,0,0,0,1,0
4,0.2,0.0057459305864003,0.212061432549229,2,0.2,0.457,0.23,,,,,24646,7024,5354,0.0356933333333333,0.000225654795093953,0.00127401404444444,0,0,0,1,0
5,0.2,0.00492458930989581,0.110433670525393,2,0.1,0.845,0.11,,,,,12576,4095,2424,0.01616,0.000208670557982203,0.0002611456,0,0,0,1,0
