idx,beta,clientVars,mu,delay,lambda,p,q,packet_deadline_array,delay_time_array,mc,channel_states,A_t,U_t,D_t,tot_interrupt_rate,theoretical_interrupt_rate,qoe_penalty,vwd_deficit,avg_tot_interrupt_rate,avg_interrupt_over_runs,qoe_penalty_constant,activations
1,0.2,19.681399783957,0.126917860271681,1.4,0.1,0.9,0.3,,,,,13743,6898,1257,0.00838,0.996177818715382,0.0001404488,0,0,0,2,0
2,0.2,0.0186838265444119,0.126285869293388,1.4,0.1,0.75,0.2,,,,,13286,7356,1714,0.0114266666666667,0.0194626289714798,0.000261137422222222,0,0,0,2,0
3,0.2,0.151659111733835,0.272846107956893,1.4,0.1,0.65,0.7,,,,,13322,7322,1678,0.0111866666666667,0.0411239735034665,0.000125141511111111,0,0,0,1,0
4,0.2,6.77194006962363,0.155622153679449,1.4,0.2,0.5,0.35,,,,,25481,10159,4518,0.03012,1.01851832334197,0.0009072144,0,0,0,1,0
5,0.2,36.1320371527388,0.206528903191435,1.4,0.2,0.8,0.4,,,,,26776,8864,3223,0.0214866666666667,0.999494180053019,0.000461676844444444,0,0,0,1,0
