idx,beta,clientVars,mu,delay,lambda,p,q,packet_deadline_array,delay_time_array,mc,channel_states,A_t,U_t,D_t,tot_interrupt_rate,theoretical_interrupt_rate,qoe_penalty,vwd_deficit,avg_tot_interrupt_rate,avg_interrupt_over_runs,qoe_penalty_constant,activations
1,0.2,2.73775959511891,0.158688101582956,1.2,0.2,0.15,0.8,,,,,27749,2173,2251,0.0150066666666667,1.03687897584466,0.000450400088888889,0,0,0,2,0
2,0.2,2.29436759540066,0.169731495882845,1.2,0.2,0.5,0.65,,,,,27545,2377,2455,0.0163666666666667,1.03216863772665,0.000535735555555556,0,0,0,2,0
3,0.2,0.0448680376034384,0.268723296486911,1.2,0.2,0.25,0.95,,,,,28117,1805,1883,0.0125533333333333,0.0253235013687879,0.000157586177777778,0,0,0,1,0
4,0.2,2.50306738927,0.139030858720954,1.2,0.2,0.45,0.7,,,,,27670,2252,2329,0.0155266666666667,1.06020114489224,0.000241077377777778,0,0,0,1,0
5,0.2,0.0383991383563276,0.261139947455674,1.2,0.2,0.6,0.65,,,,,27153,2768,2847,0.01898,0.0218986024016413,0.0003602404,0,0,0,1,0
