idx,beta,clientVars,mu,delay,lambda,p,q,packet_deadline_array,delay_time_array,mc,channel_states,A_t,U_t,D_t,tot_interrupt_rate,theoretical_interrupt_rate,qoe_penalty,vwd_deficit,avg_tot_interrupt_rate,avg_interrupt_over_runs,qoe_penalty_constant,activations
1,0.2,39.2744458998359,0.119705912829687,0.8,0.1,0.9,0.3,,,,,11235,9434,3765,0.0251,0.999197523802261,0.00126002,0,0,0,2,0
2,0.2,2.12820906695198,0.101272563380009,0.8,0.1,0.75,0.2,,,,,10567,10099,4433,0.0295533333333333,0.99904373693351,0.00174679902222222,0,0,0,2,0
3,0.2,0.0855935263758532,0.365793425291597,0.8,0.1,0.65,0.7,,,,,10817,9854,4183,0.0278866666666667,0.00695372942363702,0.000777666177777778,0,0,0,1,0
4,0.2,47.9898426638752,0.163298023187254,0.8,0.2,0.5,0.35,,,,,20378,15291,9622,0.0641466666666667,1.00122440714195,0.00411479484444444,0,0,0,1,0
5,0.2,50.578052000443,0.138130969704298,0.8,0.2,0.8,0.4,,,,,21809,13857,8191,0.0546066666666667,1.00195909844173,0.00298188804444444,0,0,0,1,0
