idx,beta,clientVars,mu,delay,lambda,p,q,packet_deadline_array,delay_time_array,mc,channel_states,A_t,U_t,D_t,tot_interrupt_rate,theoretical_interrupt_rate,qoe_penalty,vwd_deficit,avg_tot_interrupt_rate,avg_interrupt_over_runs,qoe_penalty_constant,activations
1,0.2,55375.7014600555,0.0434387533929602,1.4,0.2,0.8,0.15,,,,,18798,4862,11202,0.07468,1.00000791634623,0.0111542048,0,0,0,2,0
2,0.2,0.000704225572650706,0.204501526310298,1.4,0.2,0.65,0.5,,,,,23063,4345,6937,0.0462466666666667,1.68643652760121e-08,0.00427750835555556,0,0,0,2,0
3,0.2,0.000342264190181478,0.202165844045143,1.4,0.2,0.95,0.25,,,,,22051,4112,7948,0.0529866666666667,2.01841272872143e-08,0.00280758684444444,0,0,0,1,0
4,0.2,36819.9745933249,0.224245116153305,1.4,0.2,0.7,0.45,,,,,22930,4477,7069,0.0471266666666667,0.999998156265359,0.00222092271111111,0,0,0,1,0
5,0.2,0.00101470037806423,0.20637969897668,1.4,0.2,0.65,0.6,,,,,23093,4315,6907,0.0460466666666667,2.26214719689792e-08,0.00212029551111111,0,0,0,1,0
