idx,clientVars,period,p,q,delay,theoretical_vwd_rate,theoretical_wld_rate,theoretical_dbldf_rate,vwd_deficit,packet_deadline_array,delay_time_array,mc,channel_states,mu,activations,A_t,U_t,D_t,tot_interrupt_rate,theoretical_interrupt_rate,weight,aoi_lambda
1,0.00114991799989767,7,0.783110797146242,0.3,5,23.7503448450916,,,,,,,,0.142857143745088,,,,,,0,1,0.0482574898989512
2,0.00114991777960603,7,0.650718023759536,0.249281976240464,5,15.0930197866751,,,,,,,,0.142857141508929,,,,,,0,1,0.0828854289880253
3,0.00114991788003027,7,0.578416021119587,0.221583978880413,5,13.8819259927561,,,,,,,,0.142857143317412,,,,,,0,1,0.0921340294469304
4,0.0276090296238829,7,0.506114018479639,0.193885981520361,10,0.138045148119414,0.0146779239633674,0.0229342561927615,,,,,,0.142857142857143,,,,,,0,1,0.117246686836138
5,0.00690228816634951,7,0.43381201583969,0.16618798416031,20,0.0690228816634951,0.117423391706939,0.045868512385523,,,,,,0.142857142857143,,,,,,0,1,0.153737946933588
6,0.00306769759331214,7,0.361510013199742,0.138489986800258,30,0.0460154638996822,0.396303947010919,0.0688027685782845,,,,,,0.142857142857143,,,,,,0,1,0.0752031403925867
