idx,beta,clientVars,mu,delay,lambda,p,q,packet_deadline_array,delay_time_array,mc,channel_states,A_t,U_t,D_t,tot_interrupt_rate,theoretical_interrupt_rate,qoe_penalty,vwd_deficit,avg_tot_interrupt_rate,avg_interrupt_over_runs,qoe_penalty_constant,activations
1,0.2,0.00476259195876629,0.149848210722848,0.8,0.1,0.9,0.3,,,,,12859,13782,2141,0.0142733333333333,5.33398526234641e-08,0.000407456088888889,0,0,0,2,0
2,0.2,0.00401636718887428,0.142188733961576,0.8,0.1,0.75,0.2,,,,,11936,14706,3064,0.0204266666666667,5.02264589386375e-08,0.000834497422222222,0,0,0,2,0
3,0.2,0.0125356498515102,0.228843197386621,0.8,0.1,0.65,0.7,,,,,12821,13822,2179,0.0145266666666667,7.21132353395073e-08,0.000211024044444444,0,0,0,1,0
4,0.2,0.00915538301636212,0.194619858042852,0.8,0.1,0.5,0.35,,,,,12508,14132,2492,0.0166133333333333,6.5854320804694e-08,0.000276002844444444,0,0,0,1,0
5,0.2,0.00700632473374774,0.172700894278947,0.8,0.1,0.8,0.4,,,,,12885,13756,2115,0.0141,6.1615862631101e-08,0.00019881,0,0,0,1,0
