idx,beta,clientVars,mu,delay,lambda,p,q,packet_deadline_array,delay_time_array,mc,channel_states,A_t,U_t,D_t,tot_interrupt_rate,theoretical_interrupt_rate,qoe_penalty,vwd_deficit,avg_tot_interrupt_rate,avg_interrupt_over_runs,qoe_penalty_constant,activations
1,0.2,0.0087006603717196,0.114144370642579,2.8,0.1,0.7,0.5,,,,,13729,2945,1269,0.00846,0.000111249907797393,0.0001431432,0,0,0,2,0
2,0.2,0.00172995217430672,0.203067520195109,2.8,0.2,0.656,0.45,,,,,28041,3633,1958,0.0130533333333333,4.87005784948114e-05,0.000340779022222222,0,0,0,2,0
3,0.2,0.00907071344502056,0.214719260778631,2.8,0.2,0.93,0.375,,,,,28477,3188,1522,0.0101466666666667,0.000113098418111051,0.000102954844444444,0,0,0,1,0
4,0.2,0.013961200584096,0.222937334165351,2.8,0.2,0.457,0.23,,,,,26613,5052,3386,0.0225733333333333,0.000100995800484122,0.000509555377777778,0,0,0,1,0
5,0.2,1.6061015606878e-06,0.100003670171192,2.8,0.1,0.845,0.11,,,,,13434,3232,1566,0.01044,2.76962425559761e-06,0.0001089936,0,0,0,1,0
