idx,beta,clientVars,mu,delay,lambda,p,q,packet_deadline_array,delay_time_array,mc,channel_states,A_t,U_t,D_t,tot_interrupt_rate,theoretical_interrupt_rate,qoe_penalty,vwd_deficit,avg_tot_interrupt_rate,avg_interrupt_over_runs,qoe_penalty_constant,activations
1,1,0.0951287449179172,0.108910891089109,15,0.1,0.9,0.11,,,,,14905,1299,95,0.000633333333333333,0.0601955256113352,8.02222222222222e-07,0,0,0,2,0
1,1,0.0951287449179172,0.108910891089109,15,0.1,0.9,0.11,,,,,14905,1299,95,0.000633333333333333,0.0601955256113352,8.02222222222222e-07,0,0,0,2,0
