idx,beta,clientVars,mu,delay,lambda,p,q,packet_deadline_array,delay_time_array,mc,channel_states,A_t,U_t,D_t,tot_interrupt_rate,theoretical_interrupt_rate,qoe_penalty,vwd_deficit,avg_tot_interrupt_rate,avg_interrupt_over_runs,qoe_penalty_constant,activations
1,0.2,2.8068547613263,0.0143489016358509,1,0.2,0.15,0.8,,,,,26152,3765,3848,0.0256533333333333,1.14143253012011,0.00131618702222222,0,0,0,2,0
2,0.2,0.834508129969719,0.372755320579042,1,0.2,0.5,0.65,,,,,25837,4080,4163,0.0277533333333333,0.660981723416723,0.00154049502222222,0,0,0,2,0
3,0.2,0.00171421390708792,0.208699047930056,1,0.2,0.25,0.95,,,,,26447,3470,3553,0.0236866666666667,3.91028821480481e-05,0.000561058177777778,0,0,0,1,0
4,0.2,5.72511451573583e-06,0.201510429983992,1,0.2,0.45,0.7,,,,,26256,3661,3744,0.02496,6.98661427153196e-230,0.0006230016,0,0,0,1,0
5,0.2,1.59309907095627e-14,0.200000000000399,1,0.2,0.6,0.65,,,,,25595,4322,4405,0.0293666666666667,1.73344433180979e-22,0.000862401111111111,0,0,0,1,0
