idx,beta,clientVars,mu,delay,lambda,p,q,packet_deadline_array,delay_time_array,mc,channel_states,A_t,U_t,D_t,tot_interrupt_rate,theoretical_interrupt_rate,qoe_penalty,vwd_deficit,avg_tot_interrupt_rate,avg_interrupt_over_runs,qoe_penalty_constant,activations
1,0.2,82937.6095319775,0.0449411938539652,1.2,0.2,0.8,0.15,,,,,17866,5884,12133,0.0808866666666667,1.00000448701104,0.0130853056888889,0,0,0,2,0
2,0.2,0.00137997743222305,0.209965890377342,1.2,0.2,0.65,0.5,,,,,21932,5447,8068,0.0537866666666667,2.96956072089208e-08,0.00578601102222222,0,0,0,2,0
3,0.2,0.000467607985929689,0.20347151134267,1.2,0.2,0.95,0.25,,,,,21119,5147,8881,0.0592066666666667,1.82783798426604e-08,0.00350542937777778,0,0,0,1,0
4,0.2,0.00137332908984791,0.209792911322087,1.2,0.2,0.7,0.45,,,,,21817,5557,8182,0.0545466666666667,3.69434123166293e-08,0.00297533884444444,0,0,0,1,0
5,0.2,0.00176650615211697,0.212559431982322,1.2,0.2,0.65,0.6,,,,,21912,5466,8088,0.05392,3.88553446201867e-08,0.0029073664,0,0,0,1,0
