idx,beta,clientVars,mu,delay,lambda,p,q,packet_deadline_array,delay_time_array,mc,channel_states,A_t,U_t,D_t,tot_interrupt_rate,theoretical_interrupt_rate,qoe_penalty,vwd_deficit,avg_tot_interrupt_rate,avg_interrupt_over_runs,qoe_penalty_constant,activations
1,0.2,0.0106441941573342,0.131646642094351,2.8,0.1,0.9,0.3,,,,,14936,5733,64,0.000426666666666667,5.87741112256525e-08,3.64088888888889e-07,0,0,0,2,0
2,0.2,0.00844200472453138,0.125545841293933,2.8,0.1,0.75,0.2,,,,,14826,5840,174,0.00116,4.37041741788163e-08,2.6912e-06,0,0,0,2,0
3,0.2,0.0272868967602067,0.18046184867947,2.8,0.1,0.65,0.7,,,,,14717,5954,283,0.00188666666666667,6.73798151170727e-08,3.55951111111111e-06,0,0,0,1,0
4,0.2,0.00957870621605427,0.22877947832936,2.8,0.2,0.5,0.35,,,,,29244,6425,756,0.00504,4.92996243857761e-08,2.54016e-05,0,0,0,1,0
5,0.2,0.00718636783435793,0.221767083995731,2.8,0.2,0.8,0.4,,,,,29617,6049,381,0.00254,4.29998392066286e-08,6.4516e-06,0,0,0,1,0
