idx,beta,clientVars,mu,delay,lambda,p,q,packet_deadline_array,delay_time_array,mc,channel_states,A_t,U_t,D_t,tot_interrupt_rate,theoretical_interrupt_rate,qoe_penalty,vwd_deficit,avg_tot_interrupt_rate,avg_interrupt_over_runs,qoe_penalty_constant,activations
1,0.2,3.4524441451325,0.196826318696611,0.8,0.2,0.15,0.8,,,,,22556,7361,7444,0.0496266666666667,1.00147189237815,0.00492561208888889,0,0,0,2,0
2,0.2,2.75374574464593e-05,0.200202910358814,0.8,0.2,0.5,0.65,,,,,21991,7926,8009,0.0533933333333333,7.58274662848697e-06,0.00570169608888889,0,0,0,2,0
3,0.2,1.43965033960993e-05,0.200111859094159,0.8,0.2,0.25,0.95,,,,,22519,7398,7481,0.0498733333333333,3.98965048858297e-06,0.00248734937777778,0,0,0,1,0
4,0.2,1.01440368909901e-05,0.200081014143214,0.8,0.2,0.45,0.7,,,,,22409,7507,7591,0.0506066666666667,2.82159125734401e-06,0.00256103471111111,0,0,0,1,0
5,0.2,1.15917577421179e-05,0.200091597836543,0.8,0.2,0.6,0.65,,,,,22011,7906,7989,0.05326,3.22954977017244e-06,0.0028366276,0,0,0,1,0
